ORGANIZES_ID,Conference_ID,Edition_ID
35997,36405,36394
35998,36406,36395
35999,36407,36396
36000,36408,36397
36001,36405,36398
36002,36407,36399
36003,36409,36400
36004,36409,36401
36005,36407,36402
36006,36410,36403
36007,36406,36404
37032,36436,36411
37033,36436,36412
37034,36437,36413
37035,36438,36414
37036,36438,36415
37037,36439,36416
37038,36440,36417
37039,36441,36418
37040,36436,36419
37041,36436,36420
37042,36436,36421
37043,36436,36422
37044,36442,36423
37045,36443,36424
37046,36441,36425
37047,36444,36426
37048,36442,36427
37049,36441,36428
37050,36442,36429
37051,36437,36430
37052,36445,36431
37053,36446,36432
37054,36447,36433
37055,36446,36434
37056,36444,36435
38081,36465,36448
38082,36465,36449
38083,36465,36450
38084,36465,36451
38085,36466,36452
38086,36466,36453
38087,36467,36454
38088,36467,36455
38089,36467,36456
38090,36468,36457
38091,36468,36458
38092,36468,36459
38093,36469,36460
38094,36469,36461
38095,36469,36462
38096,36469,36463
38097,36469,36464
38398,36480,36470
38399,36480,36471
38400,36480,36472
38401,36480,36473
38402,36480,36474
38403,36480,36475
38404,36480,36476
38405,36480,36477
38406,36480,36478
38407,36480,36479
